,grupo,coeficiente m
0,GRUPO_1,1.7044781460269287
1,GRUPO_2,2.1190130634627016
2,GRUPO_3,-0.5209052966345875
3,intercepto b,35677.437057165225
